name,period,tax_mode,capital,sizing,sizing_slots,sector_cap,buy_delay,sells,peak_positions,one_price_entries,known_demerger_exposures,final_nav,cagr_pct,max_dd_pct,rolling12_n,rolling12_mean_pct,rolling12_median_pct,rolling12_best_pct,rolling12_worst_pct,rolling12_positive_pct
daily_NAV20_sector4_FULL_before_tax,FULL,before_tax,200000.0,reinvest_NAV_div_20,20.0,4,0,449,19,2,2,2402926.9857971794,19.845372536905657,-31.052937152283466,153,22.713891336896427,13.410949892748514,150.30206199103685,-16.097697910910767,73.20261437908496
daily_NAV20_sector4_FULL_modeled_tax,FULL,modeled_current_rates,200000.0,reinvest_NAV_div_20,20.0,4,0,449,19,2,2,1939576.1400519807,17.99044337722966,-32.40991755933137,153,21.398220862962,13.054971599085796,150.85267973997327,-17.255274238556908,72.54901960784314
daily_NAV20_sector4_2013_2019_before_tax,2013_2019,before_tax,200000.0,reinvest_NAV_div_20,20.0,4,0,206,19,0,0,360802.49052714085,8.796866781484457,-21.91409029974696,73,9.633334817145478,11.044486384393103,37.53188240795189,-16.097697910910767,71.23287671232876
daily_NAV20_sector4_2013_2019_modeled_tax,2013_2019,modeled_current_rates,200000.0,reinvest_NAV_div_20,20.0,4,0,206,19,0,0,344498.8335105462,8.0803449629008,-23.269890197340192,73,9.1737544747158,10.784188302600128,36.402161806783376,-16.266679461896207,71.23287671232876
daily_NAV20_sector4_2020_2026_before_tax,2020_2026,before_tax,200000.0,reinvest_NAV_div_20,20.0,4,0,248,18,2,2,1170191.401779345,29.991358616575738,-26.660775908917312,69,34.53764242082856,27.23725384659541,116.72537936361964,-15.075318917856084,75.36231884057972
daily_NAV20_sector4_2020_2026_modeled_tax,2020_2026,modeled_current_rates,200000.0,reinvest_NAV_div_20,20.0,4,0,248,18,2,2,1001022.6788011094,27.01233740601292,-28.735277705125394,69,32.73735954065285,27.042058455136452,116.72537936361964,-17.072446713683696,73.91304347826086
daily_fixed20_sector4_FULL_before_tax,FULL,before_tax,200000.0,fixed_Rs10000_live_default,20.0,4,0,440,19,2,2,841010.3288524615,11.025093674473819,-18.920157177625597,153,12.293945455342769,7.6804485928208654,76.17849889835237,-9.848444353155571,77.12418300653596
daily_fixed20_sector4_FULL_modeled_tax,FULL,modeled_current_rates,200000.0,fixed_Rs10000_live_default,20.0,4,0,440,19,2,2,778829.6303749611,10.405842549243992,-20.18653586572956,153,11.820252828519298,7.754387124608009,77.70287895039864,-10.172272822441276,74.50980392156863
daily_NAV20_sell_confirm_delay1_FULL_before_tax,FULL,before_tax,200000.0,reinvest_NAV_div_20,20.0,4,1,449,19,2,2,2429669.5306513463,19.941996668947116,-30.900773030431093,153,22.808156536243402,13.499673226547593,150.23182928526455,-15.923239970150572,73.20261437908496
daily_NAV20_sell_confirm_delay1_FULL_modeled_tax,FULL,modeled_current_rates,200000.0,reinvest_NAV_div_20,20.0,4,1,449,19,2,2,1968569.9421676311,18.11799515416068,-32.33743815786929,153,21.519248664112247,13.029717036536525,150.731073187167,-17.31835461561304,72.54901960784314
daily_NAV20_no_sector_cap_FULL_before_tax,FULL,before_tax,200000.0,reinvest_NAV_div_20,20.0,0,0,501,22,2,2,2612105.2782627684,20.5760056792623,-35.0655265126094,153,24.015333268098473,14.856946725405319,162.42323136247023,-18.647300683040193,73.8562091503268
daily_NAV20_no_sector_cap_FULL_modeled_tax,FULL,modeled_current_rates,200000.0,reinvest_NAV_div_20,20.0,0,0,501,22,2,2,2082312.0120865884,18.602115077780958,-36.637178943273796,153,22.55337551857128,12.766906186982263,162.16627529919646,-18.81915701566339,72.54901960784314
daily_NAV5_sector4_FULL_before_tax,FULL,before_tax,200000.0,reinvest_NAV_div_20,5.0,4,0,323,13,2,1,5443530.436441424,27.198356491803445,-37.99255559838246,153,31.514456470790165,18.823508379889287,199.07750390360465,-25.416327444244857,77.77777777777779
daily_NAV5_sector4_FULL_modeled_tax,FULL,modeled_current_rates,200000.0,reinvest_NAV_div_20,5.0,4,0,324,13,2,1,5930016.9558576895,27.99366994369077,-41.508920262330406,153,36.90932037167641,18.591899112388234,304.6192773995028,-30.008522071261535,78.43137254901961
daily_fixed5_sector4_FULL_before_tax,FULL,before_tax,200000.0,fixed_Rs10000_live_default,5.0,4,0,403,18,2,2,2112586.937767951,18.726839788696225,-36.54569107568386,153,23.241887311594994,16.08968551543477,146.4349635239629,-21.445005826385067,73.8562091503268
daily_fixed5_sector4_FULL_modeled_tax,FULL,modeled_current_rates,200000.0,fixed_Rs10000_live_default,5.0,4,0,402,18,2,2,2188858.438933265,19.033859266002317,-35.62221952671153,153,24.830529317319947,13.248581021158333,199.1182092189613,-21.351288195217265,71.89542483660131
Nifty50_price_only_FULL,FULL,before_tax,200000.0,buy_hold_price_index,,0,0,0,1,0,0,779449.7823212887,10.412241667489885,-38.43985342533347,153,12.987964549148952,10.452388242498456,70.86679654560785,-26.03386126859315,79.73856209150327
